Percentage of Low Income People,Education.Bachelor's Degree or Higher,Income.Median Houseold Income
0.31351395,26.6,58731
0.290533523,31.9,58320
0.50084168,11.6,32525
0.397779789,10.4,47542
0.360548304,13.1,49358
0.464441796,12.1,37785
0.478633898,16.1,40688
0.410317553,18.5,47255
0.445439768,13.3,42289
0.410292017,12.8,41919
0.410825092,12.7,47468
0.472236754,11.9,35892
0.455314362,12.2,37404
0.43671193,10.6,40845
0.410143653,15.4,44741
0.322357854,22.8,55637
0.35770437,18.1,48065
0.576164875,12.8,37837
0.406287016,12.8,38990
0.402615156,15.3,42189
0.440770906,17.4,43163
0.405290824,13.9,44918
0.410018711,18.1,47214
0.561353243,14.7,33845
0.484236164,13,40440
0.280412343,25.1,60891
0.505799323,12.5,36275
0.373931228,17.8,44637
0.444312012,12.4,39856
0.457526984,14,43514
0.43788723,12.5,41732
0.648551175,10.1,24145
0.5,14.2,34046
0.410392696,17.1,50017
0.386899628,21.7,47580
0.457015369,14,41769
0.355782065,33.4,53901
0.450815814,11.9,38364
0.36812751,23.5,48094
0.366283802,12.6,44886
0.387746531,35.3,51463
0.322436793,25.7,59686
0.542475948,14.7,30036
0.503818289,20.4,33370
0.285462189,42.8,65449
0.478746169,16.1,33241
0.464376222,12.8,35930
0.427696614,19.4,45983
0.395368011,23.2,47583
0.528331214,13.5,30441
0.412416122,33.4,50124
0.366079087,22.4,52156
0.682196499,22.8,23447
0.460304957,14.1,39848
0.509382812,23.7,37446
0.408711903,16.5,43395
0.4268138,17.8,42443
0.213327142,42.9,77799
0.321658472,16.1,58308
0.617494251,21.6,24320
0.444043081,15,41325
0.420006702,18.4,45828
0.351865931,30.7,53326
0.428676423,11.3,43629
0.445937225,12.7,41370
0.540074195,12.5,31014
0.460245549,12.8,35788
0.355475173,11.5,69250
0.288183807,17,87466
0.193334744,36.1,84928
0.563060005,11.9,53553
0.203610832,22.5,79808
0.330777656,41.1,81719
0.457123864,22.1,56898
0.227571937,31.4,76992
0.316666667,33.8,58059
0.313488372,21.3,59803
0.154686579,38.4,88390
0.290946747,24.6,66064
0.2305667,25.3,72728
0.260464266,28,85839
0.416309013,16.1,44135
0.249462469,21.6,75493
0.545527157,16.1,61048
0.261269147,16.5,79306
0.59769405,13.2,60906
0.175262055,28.4,69948
0.345454545,18.3,52379
0.207223079,33.4,73682
0.17721519,29.6,73906
0.285092981,19.7,70056
0.25984252,19.4,53894
0.371534196,22.6,71607
0.484105707,13.6,41413
0.614339434,12.3,32508
0.383830633,23.1,49260
0.367013521,36.2,59460
0.437561671,18.7,43524
0.414601644,15.2,51353
0.403966438,13.5,63473
0.512047559,12,34643
0.303091088,32.7,64468
0.419733111,12.9,45587
0.526748542,15.3,40067
0.353498933,32.4,53379
0.340289766,19.5,58174
0.525629217,20.4,41259
0.342092783,25.9,52451
0.44484961,15,45243
0.436550018,15.8,46696
0.450563792,12.3,44744
0.371650914,17.9,42260
0.286397317,33.4,66362
0.393709158,16.1,45374
0.460409924,14.3,43184
0.406482861,11.4,46417
0.406217872,21.2,46110
0.514036688,15.9,34147
0.427906977,26.6,41620
0.459224599,12.6,37233
0.371718737,15.5,44483
0.410818343,16.2,46684
0.448366394,19.6,36193
0.408651019,15.6,42802
0.439425567,26.2,47286
0.405716694,16,46828
0.492017848,17.4,40161
0.4252386,14.4,46787
0.48482195,11.9,38072
0.57168507,14.1,31893
0.392576363,22.8,46997
0.359513838,30.6,52827
0.447221548,12.1,38923
0.496927737,12.2,35405
0.40091467,21.6,44777
0.355475985,18.7,55388
0.386390517,16.2,47056
0.473179157,15.1,42860
0.401941748,13.3,43889
0.458795563,13.6,36059
0.424892576,17.5,44319
0.415178916,13.1,42876
0.518300109,10.1,34109
0.441606062,18,40726
0.504280224,15.4,38511
0.498717218,15.8,32397
0.438366303,15.4,39993
0.502897351,10.7,29681
0.474971231,9.7,46596
0.414864206,12.5,45113
0.473548515,13.3,41466
0.314943435,20.6,59094
0.433472448,14.2,41682
0.463626134,17.1,36719
0.428556882,16.8,43371
0.510475369,13.8,39962
0.497617218,12.7,38468
0.443331866,13.5,35741
0.521241226,14.6,38042
0.420982414,20.5,38082
0.48111289,14.5,35425
0.383129362,12.7,48667
0.528322386,13.8,29320
0.457224335,17.3,40401
0.487099143,11.1,40921
0.503852993,14.1,37974
0.422545638,22.8,43462
0.432384864,15.4,42660
0.382676789,34.3,51749
0.46770692,13.8,37218
0.250625699,26.7,64412
0.539992158,9.3,36092
0.498109403,11.9,36438
0.412100587,21.3,46228
0.459351145,12.8,47704
0.533432117,10.2,34671
0.440631768,10.4,35348
0.477362453,13.9,38188
0.418388292,21.1,44663
0.476006382,14.5,38499
0.371832251,33.3,50451
0.40008888,20.9,44029
0.454621149,14,32845
0.462299556,12.8,43923
0.195975913,47.4,99406
0.355744681,34.5,63750
0.252067743,19.3,62772
0.382193101,27.2,52537
0.311075409,18.3,63158
0.338662124,15,59401
0.182494638,42.4,99716
0.437614314,14.8,45283
0.206554216,34.3,83377
0.439865501,21.2,53969
0.433866654,14.2,49633
0.393866718,30.4,48041
0.484703975,15.2,47622
0.25570454,27.2,57316
0.415122369,16.4,53350
0.332904386,14.7,57848
0.422681612,15.5,47040
0.212128146,12.9,56352
0.308168131,32.5,68044
0.413704435,14.6,57585
0.121759364,59.5,115246
0.342175374,24.6,48820
0.388562302,24.4,51416
0.453508628,13.8,53672
0.438349455,15.2,45507
0.301833302,28.8,62260
0.312482713,24.7,71015
0.225780197,35.7,88596
0.2540538,37.2,66096
0.214361685,40.6,90234
0.189722117,39.7,89691
0.262081658,23.7,55359
0.328141863,22.3,67005
0.303692572,30.9,67151
0.231293706,19.7,86958
0.368387183,21,63362
0.233685283,38.8,78980
0.255829613,58.1,112449
0.343225443,18.8,64432
0.259382423,35.4,73518
0.117030288,51,122641
0.282384433,34.2,74624
0.161530089,52.4,124055
0.253034164,40.8,82234
0.352355171,22.2,54667
0.294135802,17.9,52148
0.409631604,23.2,45241
0.210684237,26.9,81472
0.213584443,35.5,81018
0.364084362,17.1,60704
0.355357452,18.2,59050
0.447117711,15.7,44514
0.42074974,19.5,40846
0.492194067,14.6,49687
0.28145517,20.5,60108
0.203803697,33.8,88131
0.263641366,41.4,70228
0.371394639,17.1,58054
0.283891552,24.3,71202
0.455577366,25,37515
0.201954889,42.8,77469
0.338453573,37.2,52221
0.448111332,21.4,35878
0.481514716,11.4,30900
0.19954548,62.1,83019
0.140963124,55.7,96416
0.311985299,33.8,55771
0.310529846,19.2,53977
0.189087044,48.1,67060
0.527967456,21,36084
0.579738933,19.3,30965
0.547895792,9,42135
0.388204981,32.5,53119
0.394426109,21.7,45269
0.326742798,49.4,68592
0.373062016,24.1,45972
0.086364861,58,119730
0.241009511,47.2,84790
0.251935286,38.5,68779
0.159445328,35.8,99199
0.299365964,18.5,49409
0.265715249,31,75937
0.135820621,39.6,76429
0.245160241,38,71198
0.308044265,56.2,56577
0.347048301,45.7,56339
0.358175751,21.1,38137
0.334778838,20,53300
0.175245393,45.2,82986
0.356223176,21.4,41731
0.34828826,18.7,49349
0.234223532,44.2,68685
0.445772844,32.3,50565
0.245362996,47.3,71881
0.413684133,19.5,41817
0.324371421,12.6,47258
0.347302479,20.2,53318
0.303637453,28.2,55379
0.267932489,46.5,62188
0.36806091,17.6,57229
0.361335239,29.6,49470
0.354654882,25.2,50489
0.345397785,17.5,53682
0.456592102,18.6,38169
0.240573553,47.8,66417
0.191707192,29.8,73622
0.308310992,23.8,51155
0.187505051,60.8,78935
0.380942275,18.3,41929
0.402641001,21.8,46783
0.28621616,22.7,54357
0.379952456,24.5,39123
0.233680617,49.8,77443
0.471552795,22.1,38571
0.291845494,35.7,54625
0.244022504,59.4,67038
0.390604027,19.5,43150
0.217046973,52.4,79277
0.241747478,37.7,66592
0.283373623,15.4,50094
0.266814043,27.5,74150
0.382904884,21.8,52022
0.161650504,47.9,95645
0.178900895,38.1,75148
0.161235569,35.4,79906
0.161736382,42.2,85898
0.22222327,35,69905
0.219806519,33.3,73490
0.202461803,41.8,87069
0.223844356,24.3,66550
0.32270116,23.7,60910
0.217746096,36.2,73892
0.281593704,28.3,63162
0.34064904,58.5,86420
0.374023133,43.3,49689
0.339439947,13.2,63275
0.344803514,23.7,54316
0.372124233,9.9,45921
0.305810972,30.2,56775
0.309691776,32.4,59547
0.411905474,9.5,38568
0.310366542,23.4,51499
0.394100621,18.3,44237
0.273918561,24.9,65740
0.282784937,36.4,69653
0.381342035,14.9,46494
0.56465318,11.5,35438
0.480314961,10.4,39828
0.343606578,30,55807
0.32442224,26.5,50915
0.341689048,25.1,54514
0.454174479,18.8,46643
0.464402648,16.2,41401
0.409924208,13.4,43640
0.401117665,11.2,40977
0.365069698,19.2,47712
0.567551446,7.9,38569
0.54115338,10.2,38682
0.557116463,8.3,40820
0.362567919,18.4,48812
0.43104322,17.2,40942
0.324143288,33.5,58884
0.496466239,10.7,39102
0.33188127,29.1,54740
0.428675965,12.6,39872
0.389102419,22.3,47240
0.510039146,11.8,50165
0.334157094,24,54513
0.319780521,28.2,57832
0.349015268,46.2,53106
0.490067461,12.2,37326
0.466255351,14.4,38015
0.502320469,14,37037
0.28597776,29.8,59009
0.397683824,20.1,45371
0.254119761,34.1,61133
0.358639838,29.8,51347
0.271154508,34.4,70033
0.256792249,29.6,69943
0.282983999,31.1,63412
0.508077002,11.3,41760
0.357865304,34.6,58254
0.424598783,21.8,52279
0.285384873,36.7,63299
0.335344923,24,52828
0.306182191,31.7,54090
0.39155001,20.2,50584
0.506997041,12.3,37670
0.263725572,27.7,67949
0.24370487,35.4,62236
0.2508751,39.6,66768
0.213024249,44.7,82252
0.361231703,21.6,52322
0.235853463,31.8,57226
0.422415763,15.5,47839
0.44050269,8.3,40306
0.441150045,9.2,44270
0.351442618,23.7,49494
0.285816254,18.3,61410
0.344376967,28.5,58093
0.488483437,12.5,37022
0.47108392,9.8,40304
0.570573566,12.2,37197
0.520161669,10.5,37519
0.49608809,12.9,32917
0.492786305,23.3,43672
0.443544441,13.4,47811
0.328215747,19,62345
0.364804719,18.6,57423
0.530195325,11.2,32229
0.507086521,11.4,40415
0.460306036,25.4,41334
0.493210551,18.7,48174
0.543245815,8.9,38857
0.49825077,17.8,38285
0.272131863,33.1,72624
0.494442031,27,45550
0.469867712,13.2,44151
0.39246258,12.2,43471
0.600443383,9.1,34167
0.330638107,23.9,56951
0.584364686,13,33736
0.390437669,21.1,53737
0.26705173,21.4,56235
0.454003559,8.8,41961
0.342790935,33.6,56842
0.396290051,29.5,47096
0.496862105,8.9,36807
0.199288197,38.2,82740
0.553046285,44,38623
0.631852741,12.5,22325
0.452901255,19.5,47864
0.603451251,10,27658
0.23304497,47.4,77932
0.485309181,13,40859
0.488384007,12.8,36435
0.19763812,36.4,82339
0.479916148,13.5,41854
0.261115281,30.3,75913
0.422882027,10.5,46283
0.545074252,14.1,36042
0.354675598,15.2,42581
0.273759421,30.6,66281
0.355055859,44.2,62399
0.444019941,13.8,41481
0.45934834,14.3,39302
0.506240639,12.1,37340
0.5454891,21.4,39584
0.316987276,28.2,63835
0.530805687,15.1,30640
0.45314824,9.7,39494
0.263471271,20,66822
0.461467229,11.6,38678
0.526987812,13,37453
0.454693878,15.8,42607
0.346529657,21.8,47997
0.168123348,46.2,90145
0.415156372,20.9,48336
0.148668337,53.1,107218
0.468123227,15.9,42488
0.311244134,52.9,69673
0.375736033,20.4,52625
0.35853342,11.6,45000
0.363516294,29.9,52977
0.428123517,14.7,45865
0.441256336,13.9,43531
0.437387537,26.9,52129
0.282494587,36.9,71026
0.378172589,19.3,50563
0.336498039,24.5,62984
0.508299227,8.6,31860
0.38148381,14.8,48550
0.222207822,31.4,76319
0.459112639,15.7,43204
0.367948164,8.7,51358
0.260567546,28.5,71288
0.3189552,28.3,61723
0.464801865,15.1,37736
0.303481809,22.7,65385
0.462154675,14.2,51250
0.527448177,10.3,36669
0.495612773,9.9,33944
0.542245989,7.9,27375
0.375013844,9.1,42446
0.34112968,19.6,56020
0.395258675,15.8,44846
0.47482416,16.5,40986
0.504404086,16.2,39120
0.27643125,25.4,69280
0.463225242,18.3,48007
0.431351496,15.9,39742
0.411940516,17.4,54605
0.46864279,25.3,42441
0.365427073,26.4,51790
0.491906127,8.8,32161
0.411149572,18.5,52500
0.414838405,13.4,44643
0.465743626,14,43468
0.394656772,17.6,49504
0.461885856,10.4,37121
0.408473221,14,44542
0.498610539,9.7,38116
0.33978783,26.8,54754
0.412367449,16,41996
0.291191103,20.7,66178
0.432882555,10.1,48033
0.418417575,25.8,46408
0.371327391,19.8,56316
0.161285146,52.3,90751
0.40584898,17.1,47120
0.279633988,22.6,68370
0.424898891,20.5,46636
0.303344748,23.1,67631
0.41764124,12.6,42804
0.273669819,17.1,64878
0.440153097,13.7,44891
0.410235359,13.2,45148
0.412663205,23.4,51606
0.446876244,7.1,26667
0.425543515,24.2,42500
0.568913078,10.3,31699
0.457539267,21.4,42728
0.35764882,26.3,60189
0.436116236,13.3,44448
0.466166576,15.4,39842
0.457638986,16.2,33357
0.443854339,17.8,47111
0.417438142,21,47164
0.54772014,12.2,29732
0.494184817,18.3,36681
0.450400583,12.1,38549
0.521258008,8.1,37446
0.467833736,13.2,40730
0.502313897,12.6,33832
0.5654095,8.6,32405
0.503847211,11.2,34768
0.44521304,24.7,43740
0.421379331,18.1,45639
0.492789783,16.2,40175
0.373697917,30.1,48219
0.434610758,12.4,32241
0.4070289,19,45649
0.44212963,11.7,37039
0.470068807,11.8,34879
0.345365854,22.5,50021
0.437771377,13.4,37640
0.41504754,16.6,46157
0.293974015,21.7,61599
0.446980028,15.2,36869
0.535457727,12.3,37203
0.467725814,12.3,38068
0.448334975,13,45483
0.473247928,14.7,37297
0.50518798,13.6,30192
0.370087678,22.7,52493
0.443045564,15.7,48623
0.507498027,12.2,36964
0.507451798,13.8,37838
0.459601611,10.9,38996
0.37850842,11,45398
0.324865946,29.4,62409
0.179976626,35,85857
0.177777778,24.2,69375
0.232463154,29.2,83554
0.219480631,27.2,80948
0.251988094,38.5,66293
0.368736212,21.2,48856
0.376866777,27.8,51734
0.298654348,18.9,54167
0.399703424,15.2,47556
0.376004932,21.2,55472
0.342254466,35.4,56694
0.334800469,27.1,59646
0.334755404,23.8,50256
0.326295729,31.3,60615
0.339377485,19.8,43423
0.349457058,16.2,42132
0.444941808,16.3,39688
0.424057085,18.7,52134
0.286259542,19,59053
0.407262406,18.6,52935
0.50712831,12.2,46154
0.359730166,17.9,43915
0.46630813,24.4,40875
0.408672421,18.7,46855
0.308473944,17.7,57215
0.378674143,21.7,58065
0.393145534,17.5,45492
0.417287318,17.2,47204
0.47233029,19.8,41516
0.358184765,24.7,63048
0.425269405,16.1,52921
0.295680486,25.2,57242
0.347515845,45.4,49158
0.419947121,22.9,39324
0.388661202,17.9,41198
0.428187404,10.3,50053
0.534307924,36.4,39160
0.432222993,14.1,53370
0.306962025,22.9,58107
0.372793918,17.1,53841
0.392786234,12,43798
0.358551452,15.7,50579
0.41345651,15.1,48823
0.404141617,11.5,39386
0.263724662,41,74216
0.374515947,20.6,52919
0.358328286,30.4,64475
0.409102531,16.3,40992
0.282166083,25,52993
0.496479728,12.9,36806
0.309861833,22.9,57289
0.268506983,23.5,69272
0.258217822,14.1,61655
0.286042397,20.6,57436
0.27648797,14.2,63009
0.274769208,19.5,52410
0.334514319,15.1,52373
0.333917701,45,52797
0.320966314,17.1,52834
0.31716467,19.9,56531
0.343942073,15,48500
0.227076809,22.3,66639
0.436351227,26,46202
0.296336867,38.8,64660
0.296464031,17.1,49779
0.27660572,15.4,56206
0.254069767,21.3,55587
0.355152578,32.3,63317
0.321055216,18.9,56714
0.157502304,49.4,92809
0.311880551,17.2,53647
0.2763883,13.9,51080
0.238702975,22.7,56685
0.434817395,11.3,46650
0.308205658,21.4,52092
0.407224858,16.7,42769
0.356559261,17.6,51643
0.424584004,10.9,44076
0.332623898,12.8,49885
0.204031624,22.9,77350
0.275382263,17,54046
0.316231606,21,52561
0.385595568,10.8,51250
0.309760058,18.3,53676
0.257794289,23.3,59933
0.338847228,15.9,52700
0.467935109,34.1,37241
0.274008115,16.6,54256
0.361028506,17.9,49896
0.233055832,20.3,63028
0.24520751,25,57946
0.424709009,16,52774
0.223779622,33.1,79394
0.299258579,20.8,58902
0.180157618,36.2,96563
0.338928545,18.9,44129
0.28481257,17.8,58142
0.19557967,45.3,89427
0.364986014,14.9,46636
0.26653614,18.2,58194
0.294367384,14.8,55160
0.242893194,19.9,57308
0.324679678,22.1,50480
0.301686479,18.4,55159
0.2821507,26.8,60738
0.390727494,15.2,47519
0.265099642,18.9,58465
0.379778437,16,48417
0.374021151,13.9,47481
0.38723679,32.2,44471
0.167074005,34.4,86799
0.294760643,44.8,67675
0.2281978,24,74684
0.252017026,17.4,59787
0.140993543,35,85747
0.349655019,16.7,52748
0.336644556,19.3,51437
0.266531275,18.6,61456
0.262801514,21.4,60986
0.346339345,30.6,55842
0.339129143,12.5,52428
0.195136819,28.6,70849
0.394087927,17.8,47492
0.357286939,13.1,38056
0.506244175,12.5,34640
0.228514324,16.6,63638
0.336219595,13.3,53816
0.34192673,21,48894
0.313754343,23.5,54858
0.426960855,19.2,44090
0.268926525,34.5,61912
0.363665339,20.4,52357
0.287021475,15.8,57118
0.311845205,16.8,52953
0.323606174,28,55179
0.321654988,17,54907
0.29022955,19.6,48805
0.244488162,26.3,63454
0.364752086,21.7,50625
0.370360254,14.7,46515
0.300178465,18.2,50770
0.256365372,22.8,50310
0.228530363,20.9,61763
0.344064241,15.4,50251
0.352739425,15.5,49290
0.287433666,18.2,54232
0.182175369,34.3,86961
0.333008564,24.3,50734
0.318439047,22.9,54489
0.203061769,33.2,72808
0.358885234,15.5,52504
0.317414301,28.5,54857
0.29236786,33.5,63431
0.384400373,16.1,49488
0.37409536,13.5,43505
0.15893354,49.3,83077
0.27299426,28.9,61030
0.271551981,16.7,54806
0.364579986,13.3,49415
0.267326272,21.2,55630
0.28411797,17,55637
0.305719375,16.3,54286
0.402093945,10.3,41662
0.390289584,13.2,53629
0.304110706,18,56421
0.240241676,22.9,68658
0.284082362,20.6,57949
0.430052804,23.7,43512
0.212374368,23.7,60666
0.321941182,19.8,57021
0.350690088,13.3,46175
0.24231673,29.6,64468
0.315725431,14.9,52874
0.273268149,21.1,62462
0.320830615,15.8,52034
0.282242348,18,55462
0.402438586,17.9,44356
0.349740749,14.9,51613
0.131986924,59.3,98173
0.191780607,30.8,74072
0.266074563,18.7,57712
0.146093976,37,81933
0.346398708,16.4,49832
0.33075159,21.6,52373
0.285845588,20.1,53632
0.344167346,16.7,51250
0.237636552,14.3,63892
0.387796167,11.4,47658
0.330080627,17.9,52718
0.337368187,12,54191
0.226042168,32.7,72440
0.319919726,16.9,47380
0.271231558,23.3,61366
0.320488475,10.5,64498
0.332265943,18,53658
0.315794011,22.6,56128
0.343002773,15.8,53610
0.376745757,18.4,49522
0.398700555,30.9,48316
0.32477874,19.7,52658
0.300356609,13.7,52726
0.372579371,13,50657
0.376035228,45.7,49839
0.304218697,18.2,55522
0.229192814,17.3,64335
0.352066773,11.9,55356
0.289484919,13.7,56789
0.172984414,14.7,60128
0.400818121,10.9,47917
0.364268899,13.1,49543
0.345763117,12,52618
0.298199087,16.1,52348
0.290754945,14.1,50194
0.208604822,28.4,71152
0.223622047,21.9,64196
0.376510772,12.8,49580
0.288427523,16.8,61047
0.372713811,14.3,48036
0.275245716,18,56332
0.342833248,13.9,54346
0.370839937,12,48700
0.255553775,18.7,60404
0.238120691,15.2,57305
0.320016259,29.6,52769
0.392816092,11.9,51190
0.297083253,21.8,58279
0.361103656,12.1,50245
0.379720854,10.9,49383
0.397887569,38.7,53130
0.28069126,24.7,58118
0.343986254,18.5,50375
0.355891177,27,49708
0.349010854,14.2,50243
0.412844971,25.1,45230
0.336601307,18.1,54259
0.250867195,19.4,60553
0.197136542,30.3,73482
0.345075401,13.4,47983
0.39781393,18.2,46516
0.287739249,18.2,59237
0.272233537,16.4,54576
0.234806723,20.7,61741
0.286572052,18.5,53363
0.296505471,15.6,49255
0.288022178,17.8,52216
0.358837358,16.3,40167
0.315237739,17.1,52055
0.203739434,22.1,67729
0.332435456,29.1,53539
0.238503828,25.3,64000
0.190534045,30.7,70395
0.253176044,21.5,64837
0.322100891,19.7,57125
0.269549578,17.3,57115
0.284378844,18.7,52323
0.248230811,22.4,59212
0.319449826,20.1,50187
0.199126753,22.2,67795
0.25924753,23.6,53963
0.264406424,22.2,56550
0.24771033,17.2,60034
0.344702353,16,54427
0.31804758,22.7,50521
0.286131387,17.7,53152
0.321425806,17.9,51688
0.332581736,14.3,55755
0.161345298,50.4,88479
0.305176337,19.5,63404
0.415869595,25,44462
0.237678195,16.6,63750
0.300420234,20.1,51267
0.227995436,33.6,59969
0.242381782,30.8,63031
0.328736828,18.8,51563
0.330665718,18.3,51128
0.307716939,19.8,50406
0.323657115,18,56419
0.327769552,18.9,56750
0.284526943,18.7,53050
0.21027441,27.9,68038
0.267833554,19.8,61161
0.273907703,24.3,60910
0.235834609,23.8,61761
0.264690983,20.8,54196
0.259061834,19.5,63854
0.299063324,19.6,53501
0.256902914,15.8,55060
0.314119923,21.2,54575
0.2723116,18.6,58427
0.240064231,18.8,61443
0.27611336,19.2,55967
0.282698616,18.8,58952
0.369393533,31.5,47708
0.236085761,52.8,62542
0.267655949,19.5,57549
0.334597791,18.3,52881
0.284062268,17.5,56073
0.337265813,16.4,49564
0.226340084,33.1,64903
0.339085773,14.9,56673
0.32478941,17,55205
0.207828894,20.7,64982
0.199933328,24.5,66316
0.321959852,22,54825
0.232516396,28.8,61038
0.321647677,18.8,56437
0.233722871,24.1,72079
0.297821101,19,58302
0.338702111,15.3,47605
0.32715068,17.4,58269
0.308932519,18.5,51696
0.268635029,21.5,58453
0.264640186,18.8,53703
0.316594338,17.9,59725
0.349940512,20.2,51867
0.252997106,25.5,52932
0.203222319,23.2,67297
0.335320131,15,52448
0.260329708,36.7,67637
0.270432999,21.5,60065
0.2456621,26.1,53852
0.345306765,21.4,55271
0.269195553,20,58232
0.252197222,31.8,61183
0.259328185,22.2,58000
0.20478339,29.1,69844
0.385202584,51.6,56756
0.321737354,15.8,56037
0.294404409,14.5,50431
0.294846051,18,49900
0.326247943,14.4,48591
0.389185751,18.8,46246
0.174453916,31.9,77048
0.253431637,21.8,62556
0.392176135,12.7,44768
0.353365929,19.9,47466
0.289192323,21.8,49870
0.212054632,30.6,65263
0.30165614,23.1,59224
0.274259532,17.5,57130
0.322470988,17.2,53333
0.349980453,20.3,45333
0.35396324,18.1,50213
0.338914152,22,50439
0.349875156,20.7,50174
0.371924543,20.9,49723
0.42143906,21.7,43917
0.348002316,21.2,48333
0.264948913,29.8,64782
0.341577061,25.5,45353
0.474550325,15.9,40298
0.400609457,19.6,43175
0.266427718,28.9,47639
0.333182844,26.1,53348
0.247689744,26.7,53929
0.402348905,24,45373
0.280106034,24.5,59583
0.206005004,16,54821
0.369359842,21.8,50102
0.411338583,29.9,41004
0.339622642,22.5,48125
0.36172545,22.9,49991
0.325078242,21.1,49703
0.346734277,49.6,59435
0.303900325,18.1,50902
0.464086022,15.6,38750
0.343263835,36.3,52883
0.341361593,19.5,54902
0.387918185,17.1,60798
0.405675546,17.7,51711
0.322825915,20.4,56582
0.365910127,23.2,53133
0.338033395,19.7,48317
0.352364475,24.7,46375
0.323855756,14.9,53413
0.237482117,20.2,64930
0.300699301,27.2,54112
0.358203415,19.9,41982
0.380458919,18.7,46944
0.34562212,16.2,49865
0.267644429,33.2,57982
0.396158854,17.1,55064
0.279069767,30.8,61211
0.250453721,20.2,57914
0.210014269,23.2,64864
0.442496794,19.3,40676
0.143065385,56,89087
0.375655824,14.7,52599
0.215304044,24.4,60469
0.30896861,28.1,53274
0.347331331,18.7,47643
0.315315315,23.1,52125
0.215675477,31.5,73013
0.291211194,22.8,45076
0.362877855,16.2,48778
0.317131002,16.6,51740
0.335671299,27.5,46338
0.340219637,25,52123
0.315922799,18.9,51895
0.271017838,28,59089
0.293881197,20.3,59316
0.202931972,29.8,71995
0.34626556,26.1,46203
0.393318248,19.5,45157
0.293160886,21.4,55658
0.350286078,17.3,47750
0.270861007,25.4,63216
0.383083821,18.1,46291
0.366098295,19.4,56492
0.366815145,18.8,49038
0.28395598,19.2,54090
0.314971124,23.6,51286
0.322991925,24.5,54784
0.269896867,19.6,49917
0.299675776,21.8,50093
0.239724553,33.8,66835
0.336253105,30.3,52327
0.355279503,24.1,53207
0.314116502,20.9,49936
0.263264714,25.5,47976
0.34960405,22.8,53012
0.466522746,45.6,51208
0.293598234,23.1,49415
0.347584438,23.7,47981
0.28097522,23.1,44792
0.328678234,27.3,52200
0.229441624,25.1,65417
0.32930158,30.9,56524
0.462369198,11,49291
0.316088364,30.9,56762
0.325752508,22,62885
0.324753468,21.8,54754
0.353930866,22.3,43429
0.311972036,25.2,49375
0.274903475,19,52054
0.357691464,13.7,57806
0.299572542,23.3,55000
0.288273616,22.6,60124
0.212442396,24.8,57966
0.224536682,24.2,61178
0.274725275,32.4,63269
0.324740125,20.3,50588
0.340859432,20.6,57978
0.40385421,16.5,48341
0.50810081,17.2,39643
0.427093452,18.1,46881
0.484040254,15.7,38021
0.45453592,16.1,44036
0.330240033,20.2,55334
0.370458357,15.9,45048
0.434000284,16.3,41459
0.47949747,14.5,44898
0.628452361,9.2,26272
0.198422776,32.1,78327
0.377247746,19.4,49637
0.369332667,19.4,48308
0.366986671,25.2,46382
0.356545559,13.2,49158
0.626065863,15.2,27344
0.40046179,11.9,47190
0.253709019,14.7,63348
0.43530531,13.9,41763
0.347085978,15.3,44775
0.411723723,28.5,42273
0.26594339,36.3,63050
0.458574181,14.9,45109
0.40087519,8.2,43524
0.522464803,12.6,34736
0.5266486,12.8,34819
0.436339195,18.1,43919
0.345370403,20.1,54953
0.606341415,9.8,26840
0.563647812,10.3,32184
0.398439639,13.1,45244
0.454514994,13.3,35344
0.337481003,22.9,51673
0.424677433,10.3,43401
0.520975741,9.7,32306
0.550905494,9.9,31688
0.358365456,43.6,57291
0.425381813,12.9,44612
0.528425325,11.3,32730
0.280823115,29.9,56274
0.458693245,13.4,30114
0.413630864,11.6,52167
0.352902414,17.6,52631
0.421913925,12.9,48714
0.363433944,17.4,44043
0.478098908,10.5,38612
0.451560818,13.2,35899
0.34929349,17.1,51655
0.306055646,11.4,57217
0.302335086,22,54367
0.60905529,10.8,26478
0.324885496,14.6,48438
0.491726069,11.4,38396
0.353084342,18.2,48926
0.3569869,13.1,53926
0.461161949,15.8,42929
0.396469123,16.5,47170
0.510926903,13.8,32138
0.316343337,33.4,56586
0.316332485,29.5,58245
0.445120616,16.3,37055
0.258496387,31.7,64339
0.586100481,14.9,31198
0.592309753,14.2,30181
0.424394031,12.4,47643
0.47393084,14.4,41526
0.512795136,9.8,32798
0.592029083,8.3,25275
0.529540084,8.7,31627
0.559901339,12.1,29886
0.519576304,9.1,31147
0.467700722,13,42919
0.368829489,11.8,50839
0.38190549,16.4,48014
0.317209182,16.9,52528
0.364605095,30.8,50060
0.552118947,9.5,28147
0.424951061,12.6,40107
0.307909136,19.2,55113
0.52634199,11.7,41013
0.380905991,19.5,45377
0.360258649,24.2,46080
0.666195271,7.2,28105
0.325566908,13.5,51861
0.302266095,19.4,56603
0.452566602,11.2,39325
0.357544336,18.5,55093
0.530072501,13,37386
0.471422291,14.4,34879
0.458321219,15.7,45516
0.523330833,12.5,36134
0.400505872,12.6,43590
0.299630432,18,60127
0.495925091,8.9,38149
0.441077297,13.6,45564
0.137953887,42.4,99128
0.480811144,10.9,48801
0.555076525,16.2,30284
0.305243304,13.2,54375
0.536434109,14.4,33640
0.491231296,13,34856
0.449309809,15.9,37469
0.437907899,16.5,39998
0.396143734,16.3,41902
0.441193834,11.4,35720
0.50093908,25.1,38230
0.494422264,14.7,38390
0.260324502,28.4,70817
0.286716149,24.9,67056
0.326486411,14.2,48623
0.194952494,20.3,80166
0.46057483,19.6,44522
0.449890399,13.2,44005
0.284911597,16.6,50536
0.380963885,14.1,53056
0.44967732,11.1,46673
0.35692708,32.2,52270
0.335452408,18.8,53743
0.531573705,12.3,34914
0.441180834,10,42119
0.495892169,20.4,39005
0.579579994,8.7,24623
0.255894345,33.8,63820
0.384251498,13.3,43396
0.39093409,11.3,46446
0.239164061,26.4,80527
0.407852928,9.6,43759
0.487108842,12.3,38565
0.358970421,17.8,53209
0.52224443,12.8,30272
0.361088473,25.2,54268
0.454384267,23.5,41797
0.381040189,22.3,51148
0.459355828,13.8,37691
0.312719499,12.7,53423
0.400375732,13.8,40129
0.551534434,12.8,26776
0.511415525,14.1,32500
0.411312058,14.8,46006
0.362951172,34.9,54948
0.665631178,8.9,22346
0.419241716,12.7,51803
0.559905535,11.6,31965
0.491911486,12,35282
0.418806629,8.5,42505
0.429407437,13.6,46861
0.36068008,13.9,50161
0.459981168,14,39139
0.429113305,16.9,42105
0.3369461,26.8,54032
0.436030534,13.6,42104
0.364156698,33,56999
0.349247497,16.9,55506
0.475854401,35.6,35467
0.304090685,19.7,63389
0.570234869,12.8,30350
0.491447609,13,32929
0.543778058,19,28567
0.453258595,37.6,41604
0.456712827,24.2,41121
0.355036554,19.1,57204
0.391103997,14.9,41480
0.42255978,20.9,47269
0.491270388,13.9,33816
0.47370569,13.2,34029
0.419597767,13.3,40336
0.441944683,11.6,44661
0.260470784,25.3,69019
0.473255814,16.7,43886
0.401465157,16.3,51603
0.372638681,15.9,57429
0.508272239,14.8,36403
0.400896944,14.5,48656
0.44915709,10.2,40485
0.262054731,33.8,68905
0.428916282,20,47832
0.661616162,11.4,27500
0.413445552,15.6,48747
0.371837597,17.2,44100
0.368457001,14.2,51945
0.406540683,17.5,49141
0.483968466,11.6,37570
0.570969119,15.4,28951
0.315127083,22,65385
0.481277981,11.7,38500
0.344236222,24.2,59637
0.438714337,13.9,38353
0.276082719,22.8,53509
0.403303933,19.2,41123
0.195620674,47.6,73072
0.356811325,24.8,51422
0.306310446,34.1,57178
0.296130967,28.1,55365
0.258536739,33.5,57751
0.301106436,33.5,57720
0.382356289,19.2,49204
0.345760143,27.7,50808
0.428063007,18.4,40890
0.239924745,36.4,63694
0.425261373,16.5,44256
0.346365776,31.4,51931
0.421032235,22,41347
0.203511606,32.5,67830
0.356389461,18.9,45893
0.135729117,41.7,100798
0.203944825,39.4,76866
0.399832262,31.9,50379
0.128017858,32.4,109313
0.340562587,18.4,58638
0.133617928,36.4,96769
0.241319213,23.9,76887
0.154798762,28.9,100003
0.344319288,21.2,52917
0.151068043,41.4,97730
0.341592486,20.9,52617
0.169296565,36.7,89147
0.109256306,62.6,121160
0.30114431,35.1,58598
0.143879107,58.9,108820
0.19533628,33.1,84920
0.145940821,36.5,97034
0.389690457,14.4,37803
0.18335547,31.9,89845
0.216435285,40.6,73547
0.260485849,21.9,60860
0.3238196,27.2,56956
0.241977809,29,63499
0.191185977,43.4,74336
0.228519319,33.6,59230
0.211993866,28.7,69095
0.233257617,44.9,71811
0.182437128,39.9,79263
0.243633697,37.3,60950
0.285607555,27.1,55429
0.258101541,48.3,70876
0.135393065,56.3,102603
0.164302416,52.8,107717
0.124911598,53.6,103291
0.152982137,37.6,89489
0.325239507,46.1,69669
0.194390931,36.4,74679
0.398767606,16.9,40484
0.353047677,17.4,45570
0.272651712,22.6,62965
0.37347501,18,43363
0.328884375,28.8,56165
0.404572966,12.6,42290
0.373215414,15.8,46065
0.265373413,21.1,64490
0.318444238,19.3,48819
0.279169212,30.3,57974
0.357686616,27.8,50795
0.393610362,14.4,51947
0.369538664,21,48607
0.27895064,19.2,55107
0.271398846,31.1,55760
0.353819177,20.7,48044
0.349634837,21.2,46486
0.491067688,12.6,39565
0.235903614,32.1,70390
0.341850829,19.4,47977
0.318211872,21,47434
0.327966102,25.7,51645
0.251223142,27.8,64348
0.282601307,33.4,55829
0.363853189,21.2,48588
0.41893084,13.5,44619
0.386402308,19.4,38839
0.255722939,36,63575
0.374494493,15.4,47848
0.36622464,17.3,49622
0.445662419,32.6,43183
0.335617341,16,48289
0.351854876,38.9,52872
0.29781667,16.4,57043
0.401476015,15.9,43678
0.371641791,18.5,41599
0.464973227,29.1,45116
0.313610172,22.2,53658
0.313805861,38.8,56511
0.398951623,11.9,46898
0.255071073,35.7,63053
0.356679035,32,50292
0.485,11.9,37320
0.26892988,18.3,62641
0.219823114,44.7,65249
0.298646324,21,55450
0.156372072,35.4,84221
0.288786174,18.4,45469
0.360035384,23.3,47938
0.259071119,24.9,62855
0.319626168,20.3,50055
0.320941546,32.9,53970
0.34868726,23.1,51725
0.465669661,22.7,45018
0.34395589,16.3,46828
0.260300155,35.2,62625
0.413201367,14,47194
0.249953291,20.5,62203
0.37313844,13.3,49448
0.43671595,13.7,41772
0.377776474,19.7,50854
0.392370263,16.6,50326
0.184850572,47.2,79698
0.430932257,19.5,50104
0.426369319,12.2,40373
0.388789891,16.5,41546
0.42309805,14.2,44032
0.412720579,10.6,42335
0.324739807,23.6,54332
0.240162959,34.1,69314
0.310106431,17.9,47948
0.404310022,15.5,42054
0.368394818,20.8,48000
0.378897077,14.2,47672
0.38454569,15.6,45500
0.296541266,17,56032
0.296589992,18.6,56951
0.34716227,16.2,52086
0.376587898,13.5,49988
0.349631067,21.7,54485
0.268757634,55.9,72586
0.389369538,23.9,47301
0.390685355,18.2,47193
0.351791531,18.1,49351
0.175956758,30.5,82175
0.298694878,25,60284
0.389996347,29.2,49160
0.2826333,23.6,57715
0.275157233,15.4,53900
0.360058674,34.8,57429
0.240052648,22.2,61120
0.268721857,22.1,63098
0.103781871,48.9,101496
0.341751604,23.2,52204
0.311094921,19,55269
0.171103178,21.5,83464
0.259996481,34.2,65269
0.371715611,17.1,50386
0.282244754,40.4,57432
0.289499372,20,52087
0.270572082,24.7,56549
0.155119751,42.2,86036
0.206600362,25.7,74575
0.241701772,26,63819
0.288039568,18.6,53156
0.2741601,22.2,61207
0.316697793,17.1,53631
0.210075662,26,66800
0.310763569,18.8,55466
0.194138371,50.1,78167
0.210122799,24.8,60382
0.274717277,27.4,56709
0.210575507,18.5,74616
0.324155644,23.1,55139
0.265871624,22.6,58727
0.30640726,14.7,57163
0.302879099,23.3,60294
0.284732596,25.9,59643
0.297432686,15.5,50870
0.258970951,18.8,53071
0.249360756,28.8,61452
0.256457565,16.7,49967
0.210115377,23,71080
0.286153171,19.3,53077
0.324663142,26.1,57730
0.461093099,13.2,44688
0.252573701,19.1,60118
0.268998057,20.5,52798
0.25493176,17.6,62121
0.24534413,19.5,63452
0.324259514,14.7,56135
0.291337796,17.3,57815
0.317150664,22.2,54295
0.23996972,20.7,60231
0.197887619,33.8,67399
0.34624712,15.3,55304
0.292949757,19.1,55085
0.186698725,44.9,76951
0.270788106,24.9,58682
0.252379458,19.3,60122
0.338066524,14.9,53422
0.303025852,21.3,52917
0.269108911,25.3,59343
0.238804178,22.9,61275
0.275820018,42.3,64660
0.264367816,16.2,58576
0.315757894,19.1,55404
0.273387829,15.2,59028
0.258391852,28.3,68584
0.21401492,23.8,63005
0.268932108,20.3,62202
0.142586822,39.9,102152
0.173846363,26.6,89250
0.221429233,16.4,63439
0.29361425,29.3,55646
0.276067685,27.5,62789
0.248171227,26,64903
0.28418266,30.5,60559
0.275096239,19.6,51620
0.328878792,15.1,53585
0.259159483,17.5,51957
0.19269641,23.7,65226
0.364351245,13.8,46605
0.285091701,21.4,56762
0.134421603,44.3,96671
0.287516311,15.5,54065
0.23718084,23.8,60595
0.277190332,30.1,59329
0.146962685,29.6,84974
0.281753239,17.2,59210
0.534995809,17.4,29936
0.433075568,17.1,42086
0.489992587,12.6,33981
0.54200056,13.9,33767
0.424731817,11.5,36258
0.585800309,23.6,29854
0.457764662,11.8,37263
0.364820232,12.2,46052
0.518196857,12.4,36548
0.435304637,19.1,36777
0.642260153,24,29338
0.416806289,12.5,43207
0.485222512,20.4,31833
0.595113614,16.5,29121
0.461138942,14.5,42151
0.458527132,14.7,38178
0.255051682,25,67038
0.454992696,27.8,39840
0.462093863,12,40219
0.41181203,13.8,47292
0.347246632,9.7,49677
0.436656021,21.3,40122
0.359572521,22,48119
0.408726733,23.1,47894
0.436990027,29,44625
0.721870979,10.2,21504
0.666756176,12.8,28962
0.609530583,3.2,24208
0.444355019,13.2,44567
0.349447887,21.1,51657
0.459675001,15.1,35872
0.674585003,15.9,25019
0.574618096,14.1,32116
0.432159486,20.8,41775
0.615605553,14.7,31103
0.420117429,45.6,50272
0.346723619,34.1,60328
0.463085696,19.7,42534
0.393162393,17.6,41914
0.522739981,14.3,37096
0.368691712,24.4,50559
0.652981959,18.5,26735
0.431475106,16.2,42606
0.427072955,23.4,50441
0.250778273,48.4,71824
0.562126196,12.3,32090
0.420852056,13.8,42233
0.433040882,16.7,42354
0.475231872,19.3,39840
0.473925352,11.6,37987
0.481774242,16.4,35958
0.516483516,15.6,33784
0.500205567,42.6,40453
0.483124513,14.9,38304
0.35633769,16.7,46901
0.454598516,10.7,42469
0.542501588,16.6,31784
0.424490921,18.1,44759
0.499584411,12.4,39256
0.676273866,10.3,25283
0.28855352,29,65996
0.533004417,11.4,34943
0.676430331,19.5,29394
0.497819537,16.2,43850
0.412174691,12.2,43105
0.475507835,15.8,45483
0.622507468,15.4,30838
0.60499964,10.3,29864
0.407379051,15.8,51030
0.434046302,15.2,39246
0.479629839,11.4,37681
0.559266612,16.9,39370
0.430959505,13.4,45754
0.525068493,14.4,30961
0.424534772,22.4,45113
0.602419758,17.9,29705
0.457794886,15.3,37706
0.400864457,18.5,45730
0.577285633,13.7,27313
0.486295466,14.7,34724
0.412600052,13.8,41464
0.592388135,13.4,33279
0.455529881,31,41929
0.277341635,24.9,58772
0.323873484,23.1,50236
0.401312266,14.7,44261
0.464292139,14.6,44403
0.428501867,19.9,44125
0.3767922,16.1,47625
0.429847457,13,40249
0.418279478,8.9,44158
0.330593971,46.1,55328
0.360699196,21.1,51916
0.449793283,13.3,39915
0.37120021,18.1,49839
0.27505929,23.1,56938
0.318600058,21.1,53478
0.328318923,31.5,53732
0.342414082,16.7,50830
0.443894653,15.5,39530
0.246517625,26.3,69433
0.480314323,13.6,39365
0.311972256,17.2,46738
0.299743628,28.6,60645
0.346805025,12.8,48909
0.209032926,33.2,70510
0.275227192,21.6,62701
0.25450437,33.3,60066
0.332648026,22.1,52735
0.432063807,11.5,44438
0.43308522,12.7,40399
0.455308545,12.9,43542
0.333830104,18.5,51679
0.328459844,13.8,55918
0.427126079,15.3,42100
0.530995367,10.8,37425
0.512477681,13.8,36380
0.282472907,20.9,57214
0.291512915,19.2,54885
0.429753695,19.1,47790
0.366908786,30.5,46086
0.384690237,17.1,45594
0.441184074,16.5,42917
0.387437291,15.9,45795
0.447587005,9,34182
0.384527613,19.7,49524
0.366775901,25.2,52700
0.478646922,18,38357
0.496597146,10.8,37435
0.322643018,31.6,55134
0.378920859,23.6,48357
0.259464854,20.4,65454
0.354224774,28.9,55273
0.380836871,17.2,40000
0.410622916,14.6,47257
0.317600823,20.3,58766
0.435907429,16,44742
0.343825422,13.6,45988
0.321750893,16.8,64196
0.35159725,16.9,45930
0.333721347,18.8,46992
0.428801596,16.3,42746
0.456426098,15.6,43636
0.376719577,15.8,47569
0.405518111,22.4,48784
0.487436715,11.5,41643
0.378863937,18.9,47298
0.371250707,19.4,47171
0.470663414,11.5,35357
0.323939953,20.5,58010
0.349478294,12.4,43966
0.386596022,14,46757
0.484819784,13.3,39003
0.519591916,12.1,38679
0.384837198,20,50813
0.481348315,28.6,44232
0.49851835,14.6,33601
0.271659767,18.9,61687
0.525868402,11,31947
0.525146913,12.7,33859
0.333227,17.7,55863
0.416024997,18,46157
0.431186637,29.1,44154
0.394894992,15.6,46385
0.174286319,43.1,80393
0.396198885,19.9,45660
0.357034888,28.3,53492
0.360386221,19.3,42849
0.278412632,14.9,55377
0.368539636,15.1,47740
0.280395496,14.6,61957
0.42758404,13.7,40324
0.527790063,10.2,34971
0.379061562,19.4,44720
0.430828255,12.6,42694
0.443482027,14.2,50085
0.418438988,16.3,44139
0.535424837,14.9,34265
0.402575897,18.1,44083
0.140827445,38.9,84978
0.391219087,13.9,38870
0.389651131,14.3,46466
0.224304657,43.6,67420
0.476400215,36.3,43896
0.306575882,19.7,60129
0.431899103,13.3,41062
0.34739518,18.6,49656
0.374518051,11.7,46481
0.42614762,19.9,46031
0.497736776,13.5,35067
0.424426451,18.9,43276
0.287581243,19.1,60125
0.524653715,9.9,41483
0.49977396,9.6,34316
0.4199432,16.8,50560
0.31568754,20,53580
0.544239543,10.2,34776
0.346392297,35.4,43201
0.568670137,18.1,49859
0.558530648,22.9,41279
0.282153099,27.1,60594
0.229988583,30.4,58707
0.343103448,20.2,48000
0.330728765,25.7,49913
0.463143255,28.3,42298
0.277181127,24.6,52965
0.196622437,24,57440
0.263365626,22.2,58596
0.410608204,20.4,41820
0.235068493,19,64545
0.32544,29.1,50540
0.286595275,31,56182
0.251283987,50.1,66397
0.334494774,14.3,42000
0.522037422,21.4,36045
0.403846154,22.7,43875
0.342968496,28.9,49881
0.396340151,25.4,49321
0.236678832,35,69646
0.36106088,26.6,43661
0.371226831,29.6,48829
0.238374791,40.1,65791
0.348011971,15.2,44875
0.417570636,19.6,40140
0.310084153,31.2,54107
0.30749354,17.2,49701
0.410364886,29.3,46607
0.419326756,16.1,41705
0.287359991,43,54062
0.399297012,16.3,43274
0.291663399,31.5,53068
0.295546559,32.6,51250
0.395585144,17.2,46212
0.412912551,24,51151
0.347996858,24.4,54427
0.195852084,20.4,54667
0.347752332,22.2,43625
0.34035241,27.8,53054
0.222839506,18.9,67205
0.452941176,17.4,43194
0.374107568,17.8,57992
0.465740741,17.9,40823
0.31375986,23.9,55521
0.28748948,27.2,45718
0.190674319,25,64645
0.248888889,25.4,49886
0.331162223,24.9,55000
0.318907222,15.2,50721
0.448467967,25.4,43047
0.312972769,21.5,53162
0.467897271,19.6,39655
0.442477876,23.4,53958
0.290497912,32.1,61264
0.308413782,24.3,53023
0.376137304,18.4,49912
0.343478261,26.2,42813
0.279710145,23.3,51750
0.255230126,23,51094
0.281257616,21.1,54979
0.285021552,17.1,54004
0.338386901,16.7,47778
0.412031048,20.7,43098
0.318980186,34.6,59431
0.31805708,21.3,54203
0.239497087,21.4,58979
0.20400908,27.7,71846
0.228418867,21,61869
0.282146161,21,57009
0.333124739,22.9,56651
0.247325362,25.4,53871
0.323206751,19.9,57173
0.403333333,15.4,58872
0.252176569,23.8,56768
0.338795987,24,52184
0.35326087,13,59231
0.313849317,36.9,50750
0.360498186,15.8,53721
0.291079812,15.9,47287
0.275666667,21.2,56905
0.328569475,19,54085
0.272466405,39.7,64629
0.509134234,23.3,41716
0.288783356,21.4,60313
0.324757486,17.3,49282
0.264595104,21.5,54659
0.302868255,17.4,48838
0.261218512,20.8,53110
0.284502262,22.5,43750
0.296052632,25.5,53000
0.200587084,29.5,64053
0.463963964,26.8,46500
0.308108108,16.3,47869
0.310749071,21.5,57104
0.195605233,25,64210
0.335564854,22.4,49835
0.44467425,18.3,51726
0.398211829,17.6,49962
0.295665837,22.4,60387
0.327445652,26.4,41125
0.258588382,21.1,59348
0.402894862,17.8,44510
0.292595897,17.5,54712
0.233838384,26.7,60266
0.273068757,20.5,50735
0.264563107,25,56500
0.367957746,16.1,53403
0.320529374,21.6,52332
0.268513577,39.5,60527
0.281189784,23.2,59795
0.351230425,19.6,52708
0.295886076,25.3,51000
0.292232672,23,53188
0.3283859,22,48125
0.274424206,17.8,55649
0.344265953,19.5,46194
0.279850746,18.3,49032
0.321949097,27.8,51828
0.360238353,20.9,43388
0.288672589,23.4,59167
0.335877863,17.1,46452
0.235221166,28.1,65543
0.237583043,23.5,59040
0.243422089,23.2,64511
0.239569846,21.8,62305
0.275534442,21.8,67719
0.316286237,19.1,48808
0.351270053,19,47917
0.285160039,23.2,56250
0.379217046,17.8,51502
0.188972997,39.8,82032
0.211108319,25.4,68682
0.354106574,22.9,49745
0.246180623,28.9,70389
0.363163972,22.8,45371
0.281397174,20.2,50781
0.321128909,30.6,48269
0.21953717,17.8,63986
0.285172305,18.8,51821
0.346213292,24.7,59432
0.566323951,16.4,51034
0.339108911,24.2,55324
0.184236868,29.9,71430
0.286768802,32.4,56456
0.320786143,23,46188
0.35207824,19.4,51591
0.246103834,28.4,60298
0.268572321,22.2,55718
0.306899767,18.8,57824
0.309238173,24.5,59340
0.230831643,29.4,66810
0.248023639,16.6,81232
0.45083014,16.1,37375
0.152599595,8.8,67105
0.244592476,16.8,67756
0.222660654,12.4,88030
0.269165247,19.6,58462
0.330590075,14.4,56875
0.371961442,14.9,35806
0.392224561,10.7,47300
0.238171186,11.1,50491
0.2319202,31.4,66292
0.277796167,30.8,64791
0.263478168,13.2,60827
0.197658661,32.6,69447
0.274125505,34.3,63153
0.231119752,33.1,64751
0.328917133,18.2,47117
0.239293464,40.6,63389
0.163406466,38.1,81460
0.187476563,35.6,75737
0.126392978,41.4,93756
0.215005424,35.8,72960
0.242785306,28.1,61312
0.283305705,28.1,62110
0.130680028,49.3,101144
0.160085261,38,87416
0.242921609,32.5,70451
0.254368629,32.8,67074
0.349633039,15.6,54149
0.173913721,35.5,61510
0.162559906,33,87283
0.273513315,42.3,71189
0.096222895,52.7,115379
0.181916142,42.6,81057
0.159045671,43.6,89533
0.152031354,46,99733
0.104850981,54.1,115527
0.209684653,30,70909
0.186744196,28.2,69688
0.266487311,21,66842
0.102090055,54.7,113611
0.138633396,36.1,94520
0.173059081,36,80198
0.195369733,33,81307
0.354091353,34.4,53329
0.441073826,15.7,41910
0.489926929,18,43359
0.556199501,14.2,39413
0.512296692,21.7,36302
0.416061261,19.2,45092
0.521240728,13,31625
0.318254057,16.2,65328
0.434618353,28.8,37843
0.330259366,7.6,24798
0.482014388,21.7,29375
0.455685847,14.6,42526
0.346475356,13.6,60546
0.383933488,25.8,46216
0.106719368,67.4,121324
0.608427643,12.5,29360
0.620301044,11.4,33834
0.599672198,11,28446
0.446603928,17.5,41988
0.548758496,17.1,29035
0,19.3,39952
0.499633576,23.9,42702
0.442807641,14.9,50518
0.525587703,21.4,30946
0.324142273,30.5,63802
0.307573212,41,61200
0.513290902,21.1,29755
0.53628433,22,42083
0.442894569,28.7,38329
0.502930109,14.8,36120
0.423913043,11.7,35884
0.447789576,18.5,48945
0.232089122,41.8,66252
0.393195905,20.9,48412
0.155352087,20.1,40088
0.305294582,28.4,52226
0.379410212,19.1,48703
0.302534555,22.6,58377
0.378500066,22.2,46820
0.286558796,23.3,54940
0.350435181,18.7,52002
0.288689692,22.9,56365
0.282642833,32.7,66787
0.272251479,28,56023
0.329887289,22.6,49544
0.199821902,35,81219
0.281201089,34.4,58121
0.287187728,26.8,56763
0.354062853,19.1,50407
0.330859788,18.2,50482
0.23338986,22.3,60524
0.295658604,22.1,53601
0.245725142,16.8,58675
0.322344696,21.5,54646
0.341723684,22.2,52685
0.227698784,37.5,60231
0.341388195,18.4,54524
0.283203026,26.5,59510
0.270193564,26.2,61633
0.260474007,38.6,60075
0.426832648,17.8,49462
0.119410057,46,116100
0.976842105,61.3,86553
0.269309956,24.6,55522
0.306365292,25.7,56027
0.25980084,35.9,61359
0.251779062,36.3,64944
0.19473085,30.3,79944
0.367854247,16.2,52620
0.323210212,19,55967
0.325297327,31.1,54028
0.129130854,39.6,104486
0.212714153,32.2,68666
0.228967197,32,68991
0.242805999,33.9,82783
0.207619,41.1,93024
0.170044358,41.4,84291
0.228993866,32.1,65499
0.264505235,22.4,57714
0.36021849,23.5,52327
0.321185776,21.1,54545
0.386361907,23.8,50940
0.351406451,23.6,53663
0.158692716,36.3,101031
0.324998489,24.8,57426
0.265357836,26,62999
0.295473718,53.5,60240
0.282713246,32.5,64304
0.251650238,31.3,61024
0.315093935,20.5,57258
0.277436938,22.6,59449
0.115948324,48.9,96610
0.266063974,17.7,58052
0.304725802,25.2,56563
0.389998171,24.8,49688
0.38089907,14.2,48756
0.484913793,17.3,37830
0.444744674,11.3,40213
0.381233122,19.7,40962
0.431677375,20.7,40340
0.425186251,20.6,45212
0.505208581,13.6,35527
0.51864628,15.8,36173
0.327208914,29.9,58236
0.334718403,40.1,52207
0.411617505,16.4,44557
0.27614278,32.3,67328
0.410307521,15.7,44511
0.285370741,17.1,64572
0.302191228,29.1,57194
0.380919037,15.9,45733
0.353801577,22.6,52056
0.302750687,42.4,67031
0.41057213,19,41438
0.428832888,21.7,46519
0.431842232,23.7,42222
0.444217119,17.6,42247
0.462244898,13.8,37628
0.319986032,25.3,52687
0.422169523,25.5,46875
0.283684795,23.5,69964
0.278064041,34.7,59381
0.368520206,18.5,49546
0.301209307,24,60434
0.523615193,12.1,41764
0.315082181,48.2,60958
0.493847899,13.6,36866
0.360798816,34,51569
0.35819604,22,55193
0.38418703,21.2,52835
0.302323658,14.3,50750
0.482725643,12.9,39571
0.312287053,22.5,55856
0.458915568,11,39837
0.342428489,36,53261
0.527021661,14.4,35502
0.395430097,21.9,53554
0.32513788,26,51659
0.305402219,31.8,55945
0.488873595,14.9,41028
0.44103418,17.7,48072
0.468550107,9.2,39663
0.299660008,28.4,60955
0.419665725,30.4,47252
0.342422675,22.9,59865
0.516565768,12.2,38158
0.392486261,21.5,49994
0.476083086,14.9,39402
0.346913056,23,57536
0.374084365,23.8,45507
0.389643813,28.5,45873
0.434387544,16.4,40090
0.418098597,17.4,43646
0.282041622,45.4,66641
0.349942455,20.5,46103
0.457323213,15.7,44146
0.290979619,37.4,59963
0.353658088,20.8,49537
0.342819489,40.6,54891
0.473393696,13.8,37146
0.378682881,22.9,50278
0.287183166,59.7,71723
0.408918105,18.5,46728
0.374526905,22.1,50558
0.325368371,27.9,57240
0.379552034,20.2,47162
0.36514815,15.6,51020
0.415023041,32.7,47437
0.325682446,29.1,48787
0.391836859,15.7,47288
0.475808961,15.7,36148
0.544862768,13.7,34976
0.401209043,15.1,43579
0.37677486,18.5,49842
0.416,17.8,42608
0.469874744,13.7,42151
0.497904037,15.5,37238
0.347187102,17.3,52623
0.331081976,14.1,48054
0.410431615,18,43597
0.483473604,18.2,39317
0.372789749,32.6,50212
0.399156341,10.6,35300
0.234052856,35.4,80033
0.487926229,14.8,40529
0.232622061,52.8,80591
0.449978429,15.8,36466
0.479854989,11.5,35979
0.409200551,42.2,47526
0.447796262,19,44416
0.430040003,15.8,44107
0.415558878,19.6,43877
0.406351907,11.6,44682
0.4405895,20.3,42222
0.238905325,25.6,56681
0.215851832,29.4,58365
0.560836216,16.2,47667
0.181353768,26.3,75208
0.228145471,24,60381
0.130037614,24.2,62442
0.232339956,22.8,77232
0.182772332,35.8,71524
0.252492898,40.2,64482
0.20641345,19.5,64798
0.197920052,28.8,65492
0.24017094,18.5,62865
0.254304161,21.3,76719
0.278083268,26.2,54868
0.287280702,18.2,55902
0.265099124,26.7,61425
0.332738095,26.9,58690
0.364033976,35.6,54051
0.288040427,18.1,50938
0.208005249,25.8,53565
0.291885345,13,60164
0.379876797,17.7,54643
0.261331841,24.6,60806
0.273366834,19.6,59375
0.23859105,21.4,64179
0.257925072,15.6,52587
0.359188034,25.8,77845
0.220733611,20.8,68529
0.156531859,21.7,82181
0.194234383,26.9,70556
0.223647637,20.4,72147
0.264555342,25,52039
0.235102925,21.1,78929
0.219162197,20.6,64549
0.333730632,21,55660
0.213998853,26.4,58910
0.222909451,19.1,63903
0.225146199,20.1,73182
0.234359407,21.3,61371
0.531580688,19.6,43158
0.161527842,18.5,63073
0.318697956,14.6,51055
0.618176856,15,38939
0.215955983,25.9,63611
0.202795386,22.4,72045
0.14835443,30.9,70724
0.257595129,23.7,57674
0.300907912,17,52300
0.197683398,28.9,64453
0.308497226,17.2,55700
0.247425734,29.3,68871
0.245640637,22.2,57582
0.186387435,23.6,87161
0.482305201,13.2,39079
0.30288524,18.9,53131
0.307267902,20.9,52823
0.410899042,14.3,46700
0.507520247,30.2,40905
0.235539076,18.9,64074
0.31042627,16.7,50904
0.343740435,14.9,54575
0.26632622,30.2,66117
0.332689462,13.3,55267
0.282386183,16.1,60112
0.365459507,18.7,50873
0.236907857,28.6,66968
0.339000666,18.9,52815
0.344893039,14.9,48345
0.408024313,13.2,46606
0.386180725,14.4,44971
0.316794119,32.5,50366
0.324069545,15.8,55620
0.256525441,18,59931
0.117259552,54.3,106908
0.287431525,23.2,54226
0.243906376,27.6,67609
0.358523412,16.3,47308
0.310179815,40,61305
0.271006813,17.6,63092
0.394012436,15.9,44858
0.192015166,38,82303
0.254279009,39.2,68720
0.389225626,14.6,45917
0.299002148,37.9,57212
0.289977098,27.1,58450
0.345777163,16.2,50506
0.33374313,11.6,49689
0.228461245,17.2,59695
0.388464896,13.4,44169
0.34768294,14.4,52363
0.309011356,9.7,63753
0.316845172,14.4,52560
0.443036997,14.5,47550
0.376139475,15.8,46581
0.295607048,23,57749
0.210539445,27.4,64466
0.392929416,14.9,45118
0.255844373,26.1,64589
0.296348074,16.5,56754
0.270875586,24.9,58427
0.36240484,26.3,48736
0.221911779,17.5,68022
0.381389398,24.2,46042
0.359539017,12.5,47498
0.161490038,33.9,76600
0.429490755,13.1,44899
0.226281931,18.3,62952
0.25576902,23.3,61041
0.372325356,12.5,45289
0.359693756,27.9,51542
0.456174552,10.2,42341
0.276684376,13.8,59452
0.364523703,16.1,47254
0.346131172,9.9,46897
0.25630553,23.1,59099
0.283962674,15.6,55330
0.391318287,12.2,50150
0.235113817,18.4,63633
0.423607806,12.6,42832
0.272070776,29,57618
0.275205326,16.3,58957
0.214804461,20.9,64822
0.354165464,18.3,49547
0.373953889,15.8,51092
0.298602206,16.1,54089
0.422350582,15.7,41330
0.321867838,16.8,52500
0.260865581,18.7,63806
0.308285327,22.8,53860
0.292666269,32.5,57181
0.355103816,18.7,47280
0.316002846,17.4,53243
0.184455217,35.5,86715
0.312780228,16.6,54254
0.433092817,12.8,45673
0.139372162,43,87125
0.319056241,18.8,50021
0.30541618,22.2,58300
0.319131479,15.2,53183
0.289543378,33.5,62390
0.281587988,17.2,55767
0.551252732,11.6,34695
0.250756593,21.8,61852
0.442450802,15,39316
0.359721618,19.9,52349
0.342386088,16.8,50721
0.351231663,16.5,45792
0.416391926,21.9,44212
0.426746589,15.4,46592
0.229495066,27.4,72056
0.374060832,20.5,51419
0.462201071,26.3,42774
0.493599264,13.4,34489
0.383551674,22.8,46328
0.284378498,33.4,64016
0.410727969,17.3,40938
0.370725436,22.2,52161
0.400694177,13.7,50885
0.466148808,14.7,43329
0.356568102,17,51318
0.451057402,24.8,49900
0.471471471,18.1,41696
0.407018381,24,52428
0.405957656,20.1,53245
0.336247935,22.9,54006
0.400658666,14.7,47125
0.307542109,19.9,60875
0.284690899,24.6,57727
0.466889369,12.3,41488
0.382178218,20.7,48344
0.344650206,19.3,46154
0.452087548,16.2,42348
0.486376863,12.9,39365
0.387924333,23.3,49703
0.529864763,14.7,39895
0.445186887,20.1,41332
0.403958426,18.9,46809
0.28920078,22.4,57777
0.459988056,17.2,38019
0.421137231,17.2,44214
0.482710621,14.6,40677
0.376014109,15.5,50671
0.304431897,27.7,65357
0.365278869,13.5,49399
0.298188875,20,54332
0.434196891,14.8,45746
0.395275547,14.3,50345
0.251553862,25,67662
0.497706103,13.4,37061
0.443077984,13.9,39084
0.346800763,17.4,52478
0.415434107,20.4,43078
0.318994531,23.2,56117
0.416692749,11.5,43145
0.518654434,11.6,38411
0.364658086,32,54520
0.446282137,14.1,42998
0.375719813,18,49103
0.47549707,14.5,39872
0.397642586,16.6,48009
0.437221384,37.4,41603
0.387250354,16.1,46784
0.334048641,28.2,50392
0.399723648,18.3,49250
0.428916675,14.3,37692
0.374499332,16.2,51302
0.257138604,24.9,65434
0.482778909,14.3,39373
0.494400131,14.4,40351
0.376238173,16.9,47214
0.401962149,22.1,52282
0.456897872,17.3,42280
0.341543431,31.8,55517
0.290570469,23.2,62795
0.345484759,28.5,54997
0.332592593,20.8,53274
0.303954802,30.3,54282
0.283523516,19.4,60147
0.390374724,23.7,45998
0.280175297,54.1,62077
0.197357158,37.4,80484
0.32719702,24.4,54886
0.296199387,18.5,62257
0.383378723,17.8,45051
0.351227605,19.8,49006
0.349438722,24.6,48440
0.251957122,35.4,67043
0.392110602,17.3,47267
0.37669593,17.4,47500
0.380316672,18.9,44712
0.365317064,18.4,40735
0.303005066,32,65679
0.34142378,27.8,53412
0.380611466,19.4,53277
0.411495726,17.5,45616
0.407903135,20,46491
0.400744995,16.4,37898
0.333582584,30.5,52426
0.377616668,24.9,47882
0.342623564,19.3,55893
0.442059359,13.7,43313
0.355874191,23.5,59625
0.400366024,9,54269
0.288211062,45.9,69176
0.314688495,31,62691
0.375390381,17.3,51071
0.361193748,21.8,49895
0.408189022,17.2,54699
0.358812137,24.5,52171
0.371864776,26.4,51224
0.330080339,19.6,53105
0.199346536,44.4,82215
0.510756419,14.9,40926
0.260931972,26.9,63902
0.222980294,22.3,67253
0.251937762,41.6,61043
0.305502506,16.7,51410
0.273576189,24.7,57807
0.334425061,14.7,50509
0.216541238,24.9,63728
0.303589814,21.3,49181
0.327724153,18.7,52358
0.144798941,41.3,89139
0.199256708,36,70668
0.31384682,21.1,46659
0.36886465,13.7,41165
0.287959992,17.9,57006
0.242761189,45.5,60403
0.151189728,53,100214
0.360565025,22.1,46680
0.351852923,15.1,49015
0.320156279,19.5,50923
0.323441844,22.9,50550
0.336251724,21.1,50304
0.215972301,36.6,71269
0.26944718,30.8,60715
0.199560403,39,74477
0.281952352,19.6,53440
0.352247048,27.9,51529
0.380323398,17.3,47364
0.35955995,8.1,39717
0.272709185,21.6,63379
0.319702881,13.6,53476
0.323683436,17.6,54776
0.333342082,17.4,51678
0.331645715,23,49320
0.34419149,15.9,47603
0.345994117,14.5,53879
0.301998161,28.3,52821
0.253366857,27.3,66056
0.334319868,22.1,50204
0.257245801,20.7,60281
0.231108954,29.9,63897
0.289535266,22.9,53473
0.337463115,23.4,54241
0.339253136,18.9,48647
0.324066426,22.8,50696
0.367919443,11.9,50219
0.266639957,24.7,63934
0.143878868,49.3,91546
0.239859895,31.6,58333
0.2259301,30.3,70471
0.29678663,16.6,48671
0.24677228,16.7,63718
0.431518426,29.7,45927
0.254596413,26.8,65928
0.350846386,15.4,45419
0.297748054,16.6,52280
0.331147351,19.8,58997
0.330692215,15.9,49089
0.351814516,17.2,47407
0.30765272,18.6,54966
0.351840612,19.1,51324
0.333706199,26,59399
0.332050195,18.7,49945
0.33267955,19.5,50250
0.249818372,30,63543
0.278316824,20.4,56096
0.245403638,29.1,60471
0.28713154,19.6,59415
0.231936958,24.9,66457
0.189729963,49,83092
0.186973759,33.3,73521
0.184459024,48.1,79454
0.287606359,29,58974
0.199946147,46.1,85531
0.420256862,15.6,38741
0.385183821,26.4,51399
0.548751096,9.2,27185
0.368268449,22.2,50865
0.486217406,18.8,31422
0.494935242,12.5,35803
0.284328127,41.2,68377
0.313385722,25,63309
0.353776185,19.9,46339
0.299495246,43.6,64022
0.436412479,14.2,36883
0.462668419,13.4,42442
0.47083199,10.4,41505
0.475996897,15.1,40900
0.494502104,14.6,36324
0.469597045,18.4,38448
0.60579145,11.1,30812
0.293547748,28.2,63080
0.3755027,16.7,49127
0.500746465,16.9,38213
0.405436533,23.6,47058
0.385506498,27.3,48456
0.306096366,35.1,60351
0.436792469,24.6,42336
0.542288296,11.9,33429
0.379820282,23.6,50704
0.509942613,17.8,45601
0.380686023,20.3,51479
0.327185455,26.9,58849
0.451967844,16.2,43304
0.546405455,15.9,32371
0.306824884,30.4,61173
0.516801504,13.5,32063
0.480163953,8.9,33586
0.453820667,20.5,43633
0.428401516,17.9,44226
0.386675863,25.8,49134
0.482701812,19.9,37955
0.377352249,26,49573
0.361553356,39.1,54767
0.448736999,16.8,45714
0.373129659,24.5,52332
0.453336149,19.3,45661
0.444200068,11.3,41186
0.497616868,12.3,32485
0.283552835,33.3,65361
0.244811521,21.5,64083
0.278064751,20.5,52313
0.582355322,15.7,47500
0.324153213,18.3,54737
0.363813496,40.3,58136
0.238017872,29.4,58216
0.38631196,27.1,57196
0.707721761,8.5,34808
0.421074323,19.2,46508
0.220479705,28,54449
0.46334602,18.6,50481
0.385498923,19.1,48980
0.459993248,49.9,50724
0.272977309,21.5,56376
0.627224786,17.8,35759
0.255897069,23.5,58522
0.307372096,26.5,50570
0.372800348,21.6,46679
0.271729958,22.2,65437
0.548034366,16.6,47475
0.305421363,15.5,58684
0.202255366,26.3,71324
0.353593348,21.1,50588
0.346572361,26.9,55096
0.221821822,21.9,58158
0.390663391,20.2,43438
0.490328007,15.6,42250
0.256140945,21,67105
0.270231898,22.1,54155
0.230861603,18.5,64696
0.250199203,26,59655
0.196681448,34.7,64783
0.250963833,25.2,57089
0.299171843,24.5,57788
0.666261152,17.8,33295
0.242877837,22.5,49632
0.401590457,25.7,46149
0.231288524,21.5,61699
0.211139751,33.1,61846
0.309350982,35,52641
0.142308265,37.6,82473
0.437026648,20.3,53862
0.257239247,24.1,63723
0.260173754,24.1,61507
0.383078731,17.7,44574
0.280912979,27.2,60578
0.716546763,12,30650
0.288469602,18.5,52910
0.256032406,33.1,61772
0.301463219,21.3,61538
0.311556755,31.5,57039
0.307488051,20.3,57981
0.308248915,22.3,54583
0.394739726,17.3,50348
0.280679406,21.6,56875
0.272658753,21.8,54423
0.220253165,32.1,71382
0.217771304,25,62153
0.752673646,15.6,24331
0.373783629,22.3,57720
0.264209115,23.7,59242
0.209061224,30.6,70378
0.263025913,24.9,55583
0.31842804,25.7,58342
0.652642381,16.4,37400
0.352946794,23.3,50392
0.399974283,16.6,50415
0.476522205,12.3,37512
0.459088682,12,44122
0.299815531,24.2,56667
0.369526449,22.3,51331
0.434007239,12.4,39803
0.372459068,15.8,55330
0.409973471,18,42637
0.483786068,17.5,38092
0.29987332,21,61913
0.346173015,16,51946
0.464912281,16.1,36835
0.516106043,13.9,32167
0.475783476,11.6,36716
0.372445031,20.5,50351
0.432966102,13.8,44717
0.399414971,18.5,45958
0.332677586,41.7,60388
0.431745841,16.7,45511
0.456736654,14.5,42031
0.340801041,16.2,53076
0.434409447,16.1,44185
0.323854315,22.2,60711
0.495603469,16,36520
0.348279971,20.8,51585
0.429044231,18.4,43171
0.362272967,16.5,49614
0.413706165,10.7,44064
0.413180562,16.7,42595
0.515972222,13.2,40516
0.396092636,16.8,43619
0.321178515,32.2,55070
0.51820232,11.2,30136
0.427847312,11.2,40304
0.42069084,15,40682
0.444804007,13.7,41924
0.416188132,11,37905
0.414927958,14.4,43305
0.431674448,16.5,40502
0.436612179,10.9,43596
0.440993789,13,42711
0.396336687,14.3,45667
0.462950078,11,35207
0.376851715,16.8,49139
0.511830119,11.6,36004
0.3195815,37.6,57470
0.290950099,9.4,35191
0.486790766,8.3,39896
0.428979025,14.3,43614
0.448973881,10.4,37277
0.377462672,18.4,49485
0.329317908,26.4,58065
0.400749448,10.3,37430
0.389022612,25.6,48161
0.367109697,12.8,49432
0.367680756,14.7,53197
0.306905741,23,57170
0.414537933,16.2,43285
0.490956493,12.6,39161
0.366866553,9.8,49167
0.443710248,13.4,42429
0.336815526,28.5,57541
0.342929855,22.7,57708
0.435462153,9.4,41333
0.43855349,15.3,39615
0.424743852,12.8,37197
0.516377649,11.5,41034
0.411519199,9.4,39554
0.399499374,11.9,43306
0.430791236,26.4,44259
0.445022841,16.9,42206
0.352375857,19.8,53367
0.288678015,19.6,63307
0.279009873,32.2,67429
0.476128188,9.2,38864
0.444076222,15.1,49370
0.410826679,17.4,49610
0.388666231,31.6,51657
0.4,14.4,48068
0.375596094,15.6,45809
0.377136954,23.6,46684
0.249805285,28.1,67204
0.31050975,17.3,61291
0.373002283,13.8,56321
0.453668846,14.8,41890
0.456903991,9.9,44671
0.483693591,7.8,42724
0.458378164,14.5,41125
0.350793152,31.8,48334
0.418672968,9.7,41427
0.435299326,21.6,39937
0.498683686,12.3,41998
0.119698843,59.8,112962
0.208710808,32.4,75991
0.400964441,10.6,43455
0.255064309,12.2,76158
0.413698201,16.9,50453
0.40095388,21.9,45137
0.235175626,23.9,63835
0.214097843,22.8,72500
0.391981014,14.4,55366
0.27924139,23.9,66206
0.531030445,17.2,52273
0.321416,22.8,58661
0.314894338,20.7,64597
0.364261168,22.8,40739
0.368249268,8.9,44578
0.354475073,25.2,54884
0.369199418,28,57157
0.266796795,26.5,66390
0.151326053,39.5,72188
0.347471963,19.8,52148
0.36928655,20.6,50164
0.228534899,30,81447
0.426464758,41.7,49181
0.386354064,40,47080
0.484422724,19.8,40227
0.604534473,15.7,28333
0.369496403,19.1,48365
0.322306828,17.3,57731
0.293994449,25.4,59492
0.449513616,14.6,54152
0.395849426,14.2,58776
0.369308864,21,48651
0.564884123,17.3,38758
0.450792807,19.4,48207
0.24450194,28.4,74872
0.409034291,16.4,44848
0.389783962,15.6,50142
0.282855716,22.7,91141
0.418138498,17.2,48186
0.339950372,18.3,43181
0.339898596,21.4,55989
0.457807309,8,40962
0.360843373,17.8,45000
0.399770741,15.8,46743
0.172693443,52.3,96913
0.45706619,20.2,39120
0.320818052,21,52559
0.232063538,36.8,79936
0.353727025,20.3,53516
0.394435352,13,47500
0.279235216,20.9,60202
0.387506047,16.1,52893
0.568770764,16.8,32305
0.29648454,14.7,65969
0.357472488,14,47386
0.485706993,13.2,40759
0.534407666,10.2,37900
0.342510652,15.8,58811
0.384196839,31.5,59607
0.492993511,14.2,43239
0.364246318,12.6,55357
0.370399318,12,49701
0.339121553,25.1,51038
0.210302669,45.1,86913
0.412797282,18.5,42540
0.550823714,13.6,27161
0.355197133,17.9,42961
0.513224308,9,41186
0.472044728,16,37276
0.318780717,15.4,62973
0.424286759,18.2,40766
0.475321475,23.3,46871
0.252720199,24.3,76871
0.410231939,31.5,52742
0.398992183,12.4,39497
0.329178433,17.4,54648
0.296102465,19.7,60189
0.316920943,18.6,46146
0.417018879,15.9,50580
0.413173653,16.2,43625
0.215256365,46.2,97743
0.29916556,26.6,53783
0.391756613,15.3,49471
0.435687168,7.3,46729
0.420180392,11.4,63054
0.27454508,31.1,73330
0.365307754,13.9,49627
0.296872796,32.2,59155
0.36867863,27.2,78456
0.302579522,17.3,60690
0.401954758,13.1,53577
0.416963783,13.9,47952
0.327657419,20.4,54815
0.408120618,21.3,50180
0.406700612,15.7,52913
0.269327396,28.2,74496
0.411485625,17.1,48384
0.618505878,15.9,34673
0.367911689,22.4,50825
0.491864407,15.1,38000
0.415848068,13.7,41859
0.282101573,16.8,60339
0.334400057,31.5,61705
0.365946523,19.1,52220
0.30311869,17.8,58298
0.43909906,11.9,40313
0.283382456,37.2,68717
0.337312283,21.2,70625
0.411026818,17.3,47355
0.582021102,18.7,40014
0.361996236,17.4,53307
0.414023183,15.8,48248
0.287174563,26.4,64041
0.361677208,20.1,52078
0.420091974,15.2,37904
0.358465072,12.6,54208
0.58429229,10.7,31677
0.390845392,19.9,54959
0.347896628,14,52524
0.263914947,15,47500
0.325363569,13.5,52045
0.297062987,16.5,62806
0.348236448,12.9,44370
0.284587059,30.5,53088
0.364327357,19.7,51248
0.527745798,13.4,33382
0.432468558,12.2,41505
0.299176233,18.7,64359
0.279926534,11.7,50344
0.339493609,15.3,56127
0.293460857,20.5,70107
0.175223363,42.1,84747
0.384615385,1,38021
0.310643564,25.4,44688
0.34708716,27.4,55990
0.394630034,22.5,43328
0.223776224,20.9,52083
0.532560214,12.1,26738
0.484742964,24.6,43730
0.339008513,20.1,48798
0.385569505,7.5,50151
0.41418484,18.7,45117
0.489272809,14.4,45111
0.27664438,19.9,60772
0.303163654,16.7,54403
0.340338545,14.6,54744
0.371064169,14,43045
0.372643253,9.7,51494
0.464538829,14.8,44418
0.317080557,19.7,59091
0.389676218,12.2,53848
0.31141808,25.3,53411
0.182926829,0,83750
0.40404337,30.1,52429
0.441607565,17.3,43382
0.382595129,14.7,52664
0.461665463,14.7,37662
0.344379639,18.3,66610
0.379171152,27.6,42276
0.396873657,17.4,48913
0.547371757,12.7,39625
0.458689024,17.3,47707
0.415431678,24.2,49778
0.263083451,28.8,62000
0.281716109,19.8,62599
0.409847434,18,36395
0.222222222,27.4,79421
0.426815811,14.1,47902
0.397943445,18.3,49306
0.212771143,11.3,51492
0.334314914,16.9,51765
0.261070839,34.5,80902
0.427538087,14.3,54871
0.344066732,14.3,41359
0.291062802,16.8,43859
0.443865818,24.5,44847
0.429071721,15.9,48529
0.426631564,9.7,40101
0.378332133,15.2,45537
0.362476615,21.8,55919
0.377238865,15.6,50464
0.325536062,22,64545
0.306750278,15.5,59399
0.386408672,16.6,50154
0.400424609,16.1,52982
0.229647428,26.4,77503
0.403801129,17.9,55359
0.422069558,9.8,52397
0.451895179,13.1,49279
0.447759194,14.9,42528
0.631349782,21.2,25098
0.307465119,13.7,51579
0.227883026,32.4,68261
0.271641791,10.5,74868
0.485040798,17.4,35862
0.420075304,12.5,39142
0.300540729,12.3,53311
0.370528389,11.5,50076
0.234660926,25,68750
0.356739486,16.1,52928
0.173868116,40.7,100920
0.411391019,18.1,44940
0.350164494,15.5,55234
0.457729941,17.6,34992
0.431721195,14,40353
0.422915659,11.2,41614
0.386702637,15.6,56556
0.394963409,14.1,45083
0.290546047,16.6,53229
0.371500751,16.2,54326
0.38375108,30.5,46935
0.45253547,13.8,42522
0.372847011,15,51926
0.373914449,26.4,56810
0.324642557,26.4,60632
0.646258919,9.9,30387
0.456149878,16.2,46232
0.358705162,9.5,59868
0.352459016,14.8,51250
0.308823529,17.1,54306
0.42776927,15.3,39771
0.295616875,32.3,67700
0.376612543,25.2,53143
0.415650407,18.4,43208
0.453545115,11.4,44627
0.321755027,21.7,40000
0.445168167,16.3,50196
0.328240501,24.5,53903
0.269969681,50,75887
0.432866618,12.9,41357
0.345666619,13.4,44497
0.32355558,17.1,52162
0.319981998,9.6,52171
0.547612035,17.9,41679
0.468291481,18.4,46147
0.336001485,15.8,54654
0.334476019,20,56834
0.369044273,20.8,43742
0.413273692,21.1,59642
0.303204709,12.5,62986
0.3132712,26.8,54971
0.551782835,18.9,46475
0.404634929,18,48310
0.405508285,16.8,49315
0.3601451,23.1,48650
0.406270111,15.2,45302
0.596836461,8.9,35521
0.193728691,41.3,87337
0.253182635,21.8,76692
0.323230269,8.2,60366
0.305273334,18,64536
0.372719487,16.6,53394
0.234453058,12.7,70005
0.374935766,19.3,50635
0.617168178,11.6,33952
0.627738055,10.9,34459
0.355766999,21.1,55221
0.292368512,23.9,62233
0.351202742,38.3,59038
0.336007651,17.1,51158
0.153918791,13.4,75417
0.180253538,37.8,83310
0.30191498,14.7,63224
0.327903188,16.3,55554
0.373847647,25.9,54565
0.378443624,28.6,51557
0.407760014,29.8,51807
0.2920541,16,61463
0.306602997,29.9,47044
0.310753599,20.6,62242
0.1865663,39.4,91341
0.4781491,20.2,42813
0.345848057,23,57902
0.246651294,35.6,74865
0.500156397,18.3,45394
0.406191669,20.9,53838
0.363829104,18.5,54799
0.148164104,55,102958
0.260733434,24.2,74562
0.304257051,15.8,65264
0.280825303,40.8,74665
0.18021489,39.9,85166
0.337322184,28.1,59839
0.343057607,23.4,44245
0.252398921,24.5,67244
0.21496141,39.6,68825
0.287436709,36.2,56183
0.310072548,29,50563
0.230564301,51.3,73647
0.381503807,16.2,44349
0.202678683,24.1,65485
0.192395983,39.8,71587
0.319256283,38.2,64003
0.287456814,29.1,60925
0.360636516,21.5,49168
0.264947757,30.8,56139
0.273943721,41.8,62791
0.306052762,38.1,51985
0.26903748,38.2,60987
0.429823992,19.5,46073
0.218022964,55.1,79880
0.156919534,63.1,100939
0.381194907,15,47673
0.31393326,17.1,57946
0.319316823,19.1,52888
0.313366875,20.9,58696
0.1336131,75.3,120071
0.27183027,22.7,62711
0.431133747,15.9,49738
0.234504501,29.2,64199
0.257928118,14.2,48531
0.229163402,28.3,71110
0.500076805,25.4,37500
0.384896543,13.6,44434
0.514722294,11.8,31956
0.413836403,12.5,49025
0.522583559,15.9,32455
0.314601761,22.5,49664
0.263536973,19.9,65103
0.348039895,15,44835
0.304988975,14.7,57198
0.449548193,10.9,40573
0.407868276,54.9,59471
0.205658462,33.2,78640
0.198491424,40.5,82599
0.19659404,32.2,80026
0.328522446,25.5,54550
0.384732824,15.6,40655
0.244458931,23.6,55708
0.248411323,25.7,77935
0.337047354,14.9,47469
0.493339458,17.6,37203
0.50581434,10.7,29932
0.317741935,18.6,60346
0.551850495,13.8,27063
0.35576475,17.4,51954
0.115091521,61.6,124831
0.150891867,60.8,116979
0.058294042,77.6,127610
0.134396786,36.4,100783
0.374232706,22.1,51521
0.157211346,33.9,76873
0.353165057,21.9,56254
0.45693152,19.1,40417
0.195513982,28.3,78002
0.253116566,40.9,65641
0.49934297,14.8,33575
0.310704225,18.1,54520
0.218646148,23.3,70537
0.183968217,41.8,93994
0.446182274,13.7,36544
0.296208108,29,67398
0.319199346,9.2,50300
0.365464571,15.4,42669
0.318904093,26.9,56287
0.142066589,39.8,89390
0.368570655,36.3,46679
0.212114331,43.7,70307
0.46760932,13.9,37952
0.345540715,22.5,48587
0.441632559,14.8,39030
0.228905315,27,73991
0.179180563,50.4,87678
0.193905058,36,94274
0.234063614,21,66987
0.390212213,23.6,63982
0.313664303,31.5,53711
0.485158605,11.2,32888
0.330357143,46.7,42632
0.098941432,61.3,142299
0.299941109,24.1,60975
0.453970894,11.3,44303
0.438753344,35.6,46409
0.357245882,23.4,57895
0.251129586,27.9,88046
0.199575269,29.6,81493
0.490512159,21,34371
0.234902411,27.9,64237
0.417902489,20.2,43207
0.255984367,21.5,57438
0.297315247,45.5,57977
0.311463149,30.4,64313
0.139517855,26.9,87904
0.330148469,26.3,53215
0.399875567,28.8,51590
0.37154393,22.6,47227
0.310574316,28.9,62632
0.46302521,22.8,29000
0.485932346,14.8,45535
0.283088918,25.1,71548
0.393062779,13.7,51792
0.39514789,15.2,43073
0.532365418,19.8,38679
0.393219781,14.5,47690
0.140240569,42.2,97118
0.352500291,21.9,52175
0.152215384,29.2,89090
0.409301505,26.8,47202
0.205001166,23.6,71912
0.165183024,41.1,107132
0.312380174,20,53866
0.408382066,38,36297
0.219563392,35.8,74284
0.387093103,17.7,49517
0.436344506,39.6,47250
0.189587157,35.6,68948
0.427422598,23.4,44230
0.341950051,26.7,54600
0.265457336,26.3,61864
0.434228428,12.2,39758
0.234839868,27.9,57165
0.418615272,13.3,39820
0.314951552,20.5,57252
0.435204686,14.6,40932
0.259664321,18.4,61348
0.203497838,31.7,88628
0.143636787,39.9,111108
0.339670573,33.4,52611
0.228560623,29.5,74884
0.318362142,20.6,57962
0.362529561,12.7,49487
0.400118451,14.9,42099
0.181087069,36,76610
0.241140882,21.7,69116
0.34601288,22.8,48495
0.404575319,27.1,45011
0.32867884,19.2,53853
0.425852717,56.8,57463
0.268101357,35.1,58818
0.45710996,15,38888
0.361107814,19,49364
0.145182893,47.1,92069
0.523501858,14.3,48294
0.342910723,21.4,53715
0.257495076,30.9,69023
0.299357961,25.8,58795
0.329589531,27.4,52192
0.214818298,30.6,75253
0.317934003,25.6,53423
0.330635668,17,54506
0.337034168,20.5,62951
0.428933632,18.8,41939
0.308998432,17.7,63584
0.327115256,24.5,55900
0.399491056,17.7,55556
0.352925527,16.5,51240
0.234340209,33.6,68604
0.310524053,44.3,55127
0.174112217,52.5,94974
0.216117616,33.2,75411
0.348212749,32.3,56004
0.395433081,31.5,55773
0.340035463,17.7,53484
0.291157923,25.1,54631
0.344945725,17.6,57634
0.452178962,20,47240
0.394020845,18.9,46733
0.367705331,20.8,50591
0.248406228,27.2,72113
0.268526135,49.8,63622
0.274658734,26.2,67028
0.2812145,24.5,65181
0.17106024,32.8,86691
0.290628921,30.8,56904
0.357535724,18.7,51775
0.232503858,35.7,72003
0.249874055,19.4,53227
0.297925573,29.8,57858
0.310742941,34.3,62984
0.438239262,49.8,42745
0.419059576,16.7,51637
0.431228206,15.6,38459
0.274476106,21.2,62515
0.463016457,9.7,40739
0.426192055,14.9,41466
0.310615488,19,51496
0.418546366,26,40028
0.465448551,12.2,38382
0.513395774,9.2,35024
0.37438491,17.1,45545
0.415078688,14.8,41394
0.390318709,17,42636
0.393557675,13.8,42216
0.431467751,19.9,40200
0.401484181,12.4,47857
0.338187517,17.4,45763
0.399798278,14.5,47438
0.32759722,23.3,53022
0.316795925,17.4,47837
0.242720556,31.8,80430
0.354348097,25.5,46639
0.430539773,14.5,39908
0.472516922,9,42345
0.46937159,10,36168
0.355657163,22.6,50305
0.350349162,18,48557
0.421680698,14.4,46078
0.638859715,5.4,27682
0.460790692,19.4,40784
0.364487464,15.5,49936
0.539834265,9.9,32764
0.332993847,42.8,52455
0.44363798,15.3,38540
0.324151557,17,51745
0.426597014,15.6,40086
0.334601459,32,50584
0.419841373,14.1,42312
0.362714614,11.6,56838
0.424944684,14.8,41882
0.378784008,16.9,51888
0.254430616,26.1,60097
0.421276043,18.4,43748
0.411281179,17.3,43320
0.388789379,11.3,43577
0.49663337,13.1,37373
0.422751238,14.5,38187
0.343996618,17.3,48578
0.34921875,19.4,49118
0.374950664,14.1,43087
0.444335481,16.9,40322
0.452043481,15.1,37988
0.545739047,11.4,34927
0.444629174,12,43107
0.475153546,11.2,46048
0.366558732,21.9,47321
0.483102615,9.3,42332
0.386247367,13.9,46369
0.414553275,19.8,42510
0.332499936,20.6,52703
0.320640515,31.1,56096
0.251697054,30.3,62340
0.263710719,19.3,57829
0.337764265,20.8,52672
0.182761205,29.4,75814
0.282731689,21,59742
0.369313143,12.6,54012
0.226254309,23.3,68005
0.329396243,18.4,50595
0.190736419,51.4,73893
0.238537402,17,60652
0.226093812,33.7,61560
0.283009467,24.1,53986
0.28641781,27.9,58783
0.289978598,32.3,59476
0.318044355,19.9,52181
0.242903267,23.1,62391
0.362303665,14.7,45536
0.307563945,23.8,54800
0.24044981,23.6,64502
0.310819938,20.2,55075
0.227575834,24.6,64124
0.353629977,20,43798
0.346089,14.6,53650
0.23738714,25.4,66291
0.341452063,13.7,53490
0.301547138,26.1,63733
0.227079259,19.4,66192
0.269993117,34.9,57882
0.299761429,18.8,60691
0.327494113,16.7,49491
0.245654459,18.4,58541
0.277921395,20.2,56612
0.247917967,25.4,62633
0.350852709,15.9,50330
0.318210727,15.1,52288
0.48525695,17.9,40921
0.357763529,31,50606
0.293719303,20.6,59587
0.265724243,16.8,60908
0.242842918,27.2,56852
0.222195529,29.7,65572
0.155914987,49,85215
0.292776749,20.6,54583
0.207433529,29.2,72323
0.290810473,20.9,59994
0.258917923,32.9,58853
0.321451005,16.5,47956
0.266550859,25.2,61336
0.322946176,19,51947
0.315272537,22.1,57875
0.378298486,16.6,47532
0.27699021,24.1,59943
0.380936499,24.2,47714
0.286926361,15.7,56531
0.206804864,25.1,60696
0.152347692,35.4,84756
0.322180529,15.1,53020
0.275954454,19.3,58548
0.362574205,22.4,52459
0.371344733,29.1,47072
0.266307849,28.8,63776
0.314543799,23,50280
0.151076507,31.5,77663
0.134291064,44.5,87277
0.262123056,19.9,58693
0.315172203,16.3,52810
0.252724936,28.3,58543
0.292263174,21.6,54913
0.415518666,51.8,49322
0.289599412,19,52804
0.249492996,18.9,82659
0.304838389,20.6,60161
0.230973619,17.3,69647
0.21570519,22.3,65132
0.358536864,24.3,55896
0.287102706,25.9,54289
0.284789644,23.7,51413
0.275246305,31.7,58132
0.249443758,28.5,66910
0.25064437,23.7,66964
0.253094713,22.8,62772
0.449490995,18,39150
0.200055086,34,63582
0.267567074,20.7,50903
0.236776335,31,60807
0.212442757,22.8,77403
0.257012068,22.5,74843
0.194290073,57,84678
0.315090566,16,63403
0.278774441,23.4,54158
0.287951117,20,57031
